Time	ID	Name	Location	Retweet_time	Tweet
2018-05-08 08:09:00	2339505541	Tiago Ricardo		0	 a curious and captivating narrative is built around a serious topic that is quite close to the modern days d _URL
2018-05-08 08:02:03	300677803	Áä¨„É∂Â≥∂	Walnut CA	0	AT_USER isle of dogs part 2
2018-05-08 07:58:48	1439606671	Cassandra Bunyip	Down Under	0	AT_USER AT_USER looks like the casting book for wes anderson s isle of dogs 
2018-05-08 07:56:27	278563612	Plough Arts Centre	Great Torrington, North Devon	0	film tonight at 8pm isle of dogs details here _URL _URL
2018-05-08 07:53:45	25202125	Herb Randall		1	rt AT_USER shall we search for lost dogs on a isle of dogs together at cinema city today work on your english and chill out with fa 
2018-05-08 07:52:56	278563612	Plough Arts Centre	Great Torrington, North Devon	0	tonight film 8pm isle of dogs details here _URL _URL
2018-05-08 07:45:25	4375230073	leni üåà	Melbourne, Australia	0	isle of dogs _URL
2018-05-08 07:43:59	2948479607	Ryan	Miami,  FL	0	AT_USER i can see why you regret saying that lol isle of dogs is one of the best films of the year i adored it very much 
2018-05-08 07:38:29	465414033	What's On Kyiv	Kyiv	1	shall we search for lost dogs on a isle of dogs together at cinema city today work on your english and chill out w _URL
2018-05-08 07:37:13	1302938526	solo Lili	Michoacan	0	me gust un video de AT_USER _URL 360 isle of dogs behind the scenes in virtual reality foxnext vr
2018-05-08 07:25:34	269723481	comScoreMoviesPOR		0	top10 1 avengers infinity war part i 2 quiet place a 3 rampage 4 beirut 5 blumhouse s truth or dare 6 game night _URL
2018-05-08 07:21:38	257138346	Luca		0	isle of dogs wes anderson 2018 _URL
2018-05-08 07:13:56	794198637366640640	r/WesAnderson	Isle of Dogs	0	isle of dogs promo cocktail glasses from a theatre bar in san francisco _URL _URL
2018-05-08 07:11:33	3252797435	Peter Golds	Tower Hamlets	0	AT_USER AT_USER when the application was considered by greenwich neither tower hamlets council or an _URL
2018-05-08 07:10:32	873728022985154564	Kiwioogle	New Zealand	0	the kiwi animator behind wes anderson s isle of dogs newshub newshub _URL
2018-05-08 07:02:35	974450852	Hammy Raja	Ar, Texas	0	i liked a AT_USER video _URL isle of dogs a michael bay film
2018-05-08 06:59:37	601487878	Golden Village	Singapore	0	hurry and book your seats for the preview screening of isle of dogs tomorrow at gv vivocity 7 30pm tickets are sel _URL
2018-05-08 06:54:20	57156569	Rebecca del Tufo		1	rt AT_USER we are so lucky to have simon quinn animation producer join us for a q amp a after isle of dogs on 11 and 12 may https 
2018-05-08 06:53:58	903045224267735040	Five Alive	Brooklyn, NY	0	AT_USER AT_USER new yorker used a real japanese person to sideline a korean america opinion tha _URL
2018-05-08 06:52:38	384461815	Joe Morgan	Edinburgh	0	ffs now they are having a go at mr men for being sexist and at the end the presenter goes on about isle of dogs mo _URL
2018-05-08 06:52:00	199170218	Ed Montalban	Elm Street	0	excited to see isle of dogs on thursdayyyyy 
2018-05-08 06:51:29	2612141113	Claire üëΩ		0	i finally saw isle of dogs and guess what i love dogs 
2018-05-08 06:48:00	227311543	Saffron Screen	Saffron Walden	1	we are so lucky to have simon quinn animation producer join us for a q amp a after isle of dogs on 11 and 12 may _URL
2018-05-08 06:46:49	28516294	Francisco L	Houston / Hong Kong	0	AT_USER AT_USER what about the present my heart is still at odds with isle of dogs 
2018-05-08 06:31:25	973047362263420928	fati;‚òÅÔ∏è	M√©xico	0	quiero ver isle of dogs 
2018-05-08 06:31:15	632827078	Simon P Freeman		0	AT_USER so what is the likelihood that isle of dogs will still be being shown next week otherwise i ll have to rush to see it today
2018-05-08 06:31:00	16555620	Kim Block Chain	–ü–µ–Ω–∑–∞, –†–æ—Å—Å–∏—è	1	rt AT_USER isle of dogs 2018 dir wes anderson _URL
2018-05-08 06:30:21	78144813	bebocho emo		0	ya martes y yo sin ver isle of dogs 
2018-05-08 06:20:17	2890691547	Deanna Huges		0	isle of dogs review wes anderson unleashes a cracking canine caper peter bradshaw s film of the week _URL
2018-05-08 06:18:29	736249556111884288	Gabriel P. Blessing	Tan lejos de dios, tan cerca de Estados Unidos	0	just watched isle of dogs finally came out in mexico what kind of rotten painfully dull person comes out of _URL
2018-05-08 06:02:46	833814957439475712	Ostin Fam	Brooklyn, NY	0	isle of dogs is beautiful and empty 
2018-05-08 06:01:59	489939528	G.		0	my friends do not like wes anderson so i ll have to see isle of dogs alone but happy for it s wes anderson 
2018-05-08 05:58:00	19839994	Jason Connell	Seattle, WA	0	AT_USER the royal tenenbaums gt the darjeeling limited gt the grand budapest hotel gt the life aquatic gt fantastic m _URL
2018-05-08 05:55:18	850172642522873856	The Cinebud Podcast	Oregon, USA	65	rt AT_USER _URL listen to us discuss wes anderson s newest film isle of dogs we discuss the animation and eve 
2018-05-08 05:54:55	777834278566658048	Ed Malcomson	London, England	4	rt AT_USER isleofdogs one of my favourite films of the year so far spoiler free review _URL wesanderson a 
2018-05-08 05:44:56	31339913	bridgetteYO	LA county 626	0	isle of dogs all high 
2018-05-08 05:40:57	20553019	hmca	Tijuana, B.C.	0	isle of dogs movie theatre hillcrest sandiego california fun wesanderson AT_USER love _URL
2018-05-08 05:38:22	2970915386	billyirish	riv	0	isle of dogs wuz gud go watch it
2018-05-08 05:35:45	101666881	Bobby Tarantino	Quer√©taro	0	quiero ver isle of dogs contigo
2018-05-08 05:35:14	37759324	Annie Licerio	Mexico	0	vean todos isle of dogs 
2018-05-08 05:27:36	53803812	Heather Bond	Nashville, TN	0	isle of dogs is amazing isleofdogs AT_USER isleofdogsmovie wesanderson
2018-05-08 05:19:48	18715225	Nick Suttner	San Francisco via Chicago	0	rushmore gt the royal tenenbaums gt the darjeeling limited gt the life aquatic gt fantastic mr fox gt bottle rocket gt m _URL
2018-05-08 05:19:47	18715225	Nick Suttner	San Francisco via Chicago	0	we did it we finished our wes anderson filmography rewatch inspired by isle of dogs appropriately the evening b _URL
2018-05-08 05:19:00	95104796	Pat	M√©rida, Yucat√°n	0	necesito ver isle of dogs
2018-05-08 05:18:35	71152078	Mr. Noseybonk		0	ya quiero ver isle of dogs 
2018-05-08 05:15:46	204140367	New Zealand Paramore	New Zealand	0	just saw isle of dogs sooooo good wes anderson killed it once again
2018-05-08 05:12:36	3378528733	nosiyboy850	in your dreams	0	i wanna watch isle of dogs again
2018-05-08 05:11:52	2192842472	Alan N. Isobe		0	 isleofdogs so i wore my cat shirt consolidated theatres kahala 8 for isle of dogs in honolulu hi _URL
2018-05-08 05:10:55	924134679686647808	Leffakalenteri		0	lis tty kalenteriin riviera 9 5 20 15 isle of dogs 10 5 17 45 isle of dogs 22 5 17 00 avengers infinity war 22 5 20 30 lady bird
2018-05-08 05:09:23	103435271	Eduardo Torres	jalisco , mexico	76	rt AT_USER isle of dogs wes anderson _URL
2018-05-08 05:08:58	86436745	chris andrade tu pap√°	Distrito Federal, M√©xico	0	isle of dogs 8 10 perritooooosssssss
2018-05-08 05:06:05	910305975042637824	Vlads	Japan	0	second pic reminds me of isle of dogs so sick _URL
2018-05-08 05:06:03	924134679686647808	Leffakalenteri		0	16 5 16 30 isle of dogs 17 5 16 30 the death of stalin
2018-05-08 05:05:55	924134679686647808	Leffakalenteri		0	lis tty kalenteriin bio grand 11 5 18 00 isle of dogs 11 5 20 00 the death of stalin 12 5 14 30 talo meren rannalla _URL
2018-05-08 05:05:11	3013977030	Sam Bell	New Zealand	1	rt AT_USER my review of isle of dogs 2018 on AT_USER _URL
2018-05-08 05:03:33	3013977030	Sam Bell	New Zealand	2	rt AT_USER isle of dogs is yet another unique and solid film from wes anderson here s my review _URL _URL
2018-05-08 05:02:24	6451102	Kim	Saskatoon, SK	0	isle of dogs made my heart melt about 4 million times and the details wes anderson is just too much in every best way ever 
2018-05-08 04:59:05	294404630	Oasis CInema	Nogales, AZ	0	thursday will be the last day for isle of dogs opening friday may 11th life of the party breaking in
2018-05-08 04:51:11	969062929323773954	Qliphoth @ ColossalCon		0	AT_USER still ain t seen that one or isle of dogs for that matter loved all of anderson s other movies though
2018-05-08 04:35:48	3017056489	Joe van der Zwet	Napier City, New Zealand	39	rt AT_USER good to luck everyone taking on the isle of wight challenge for battersea this bankholidayweekend your amazing efforts he 
2018-05-08 04:30:18	106241682	Andrea		0	isle of dogs _URL
2018-05-08 04:28:48	584209640	Paloma		0	me fui de cdmx sin ver isle of dogs regresenmeee
2018-05-08 04:17:57	6098322	Paulina		0	ay wes anderson gracias por isle of dogs 
2018-05-08 04:08:25	166072007	Marcos Mendoza	Neo Mexico	0	ya quiero ver the isle of dogs _URL
2018-05-08 04:06:34	83040990	Moni Bones	A coffin	0	isle of dogs was so good
2018-05-08 04:02:32	7516152	Matt ¬Ø\_(„ÉÑ)_/¬Ø Caron	Brooklyn, NY	0	AT_USER haven t seen isle of dogs yet but if you haven t done alamo yet i can t recommend the theater enough _URL
2018-05-08 04:02:20	2856816038	midnight club 2	akina	0	repeatedly say isle of dogs as fast as you can _URL
2018-05-08 04:01:18	162462948	Liz K	Cornwall 	0	once more with feeling unequivocally for wes anderson s isle of dogs and against avengers infinity war _URL
2018-05-08 03:58:56	2405071417	Policarpa Garc√≠a	T.A.R.D.I.S	62	rt AT_USER sext quieres ir conmigo a ver isle of dogs 
2018-05-08 03:55:00	979570619095371776	Pavlov's Dong	Branford, CT	0	isle of dogs is a love letter to dog owners
2018-05-08 03:53:59	213439449	üå∫mar√≠aüå∫	where the wild things are 	0	quiero ver isle of dogs 
2018-05-08 03:51:59	715958637093629952	Electronic Sonic	United States	0	oh i also saw isle of dogs last night finally it was a little more harsh raw than i expected actually i knew wes _URL
2018-05-08 03:48:51	41213144	but I actually am Loki	Spanish Sahara	0	watch isle of dogs asap it is the most beautiful film i am living aaahhh his mind
2018-05-08 03:46:11	73229779	Neuronauta	Ciudad de M√©xico	0	vean isla de perros de wes anderson buenaza de principio a fin isle of dogs 11 i won t hurt you the west c _URL
2018-05-08 03:40:39	130994547	RauLo	Mex df/edo mex	0	i m at cin polis vip AT_USER for isle of dogs in miguel hidalgo distrito federal _URL
2018-05-08 03:32:01	946020566829584385	Elaine Powers		1	rt AT_USER isle of dogs was pretty fantastic it has been almost a week since i saw it and i m already hankering for that blu ray 
2018-05-08 03:28:02	3150634026	MKNewsom	Houston, TX	0	AT_USER AT_USER AT_USER AT_USER AT_USER AT_USER AT_USER AT_USER _URL
2018-05-08 03:27:16	4737172640	jay	tumblr // olivierassayas	0	had to choose between revenge and the nile hilton accident to watch with isle of dogs and i chose the latter bc i t _URL
2018-05-08 03:25:24	887946583203074048	World Class Swindler	Canada	0	isle of dogs directed by wes anderson _URL
2018-05-08 03:21:23	2790920556	Christopher Haberman		0	AT_USER AT_USER AT_USER AT_USER AT_USER AT_USER AT_USER AT_USER _URL
2018-05-08 03:15:35	29285366	Victor Manuel G√≥mez	Medell√≠n, Colombia	1	rt AT_USER something different today these are some of my photos from the set of isle of dogs movie isleofdogs isleofdogsmovie 
2018-05-08 03:08:33	102280507	‚ùÉ üÖî	Spaceship	0	vayan a ver isle of dogs 
2018-05-08 03:07:04	856906059641966592	Lady Bird üí´	Kickapoo, MO	0	isle of dogs es un 1000 10 
2018-05-08 03:03:13	272193008	narcissist		0	is it embarrassing to go see isle of dogs by myself because tomorrow night is discount movie night and i know no on _URL
2018-05-08 03:03:07	73409269	Lilly Caballero	Mexico City	1	rt AT_USER isle of dogs making of animators fox searchlight _URL via AT_USER
2018-05-08 03:01:54	15310038	ŒöŒûŒî	Fort Wayne, IN	0	just saw isle of dogs great it s animated but that does not mean it s a kids movie clueless parents please n _URL
2018-05-08 02:58:37	63831825	King Piss	Bloomington, IN	0	i feel like i m probably overrating isle of dogs 
2018-05-08 02:58:05	4715801611	Loring	Vancouver, British Columbia	0	isle of dogs is a really remarkable movie not just because of its setting or art style but also for its unique story
2018-05-08 02:44:29	567329491	Abu Bakr al-Swagdaddy	San Diego, CA	2	rt AT_USER if i was president i would enact a mandatory law that demands all dogs to watch isle of dogs
2018-05-08 02:43:16	46540274	Zeldalink4	Edmonds, WA	0	i liked a AT_USER video _URL does isle of dogs live up to its cast spoiler free review mojo the movies
2018-05-08 02:41:20	932982891239428096	That's my new band name.	Kansas City, MO	0	AT_USER isle of dogs is incredible and i cant wait to watch it 1 500 more times 
2018-05-08 02:41:16	17832004	Phil the Pill	Suburbax	0	like a quiet place was good but it s very much like an event movie there isn t much on this list that s rewat _URL
2018-05-08 02:37:49	945093789869211648	rari_favi_itzme		2	if i was president i would enact a mandatory law that demands all dogs to watch isle of dogs
2018-05-08 02:37:29	3337795559	Sergio Andreola		0	wes anderson s isle of dogs 2018 _URL
2018-05-08 02:32:22	50880662	√≠a	S/C-CCS-SJO	0	isle of dogs es tan bonita _URL
2018-05-08 02:24:55	129993577	Gabriela Ramos Tamburino	The road	0	about to watch isle of dogs 
2018-05-08 02:13:22	2548496714	Benedict Coo	Philippines	0	wonder if isle of dogs is bow showing
2018-05-08 02:00:51	947680963764674560	Mitchell Colquitt	Athens, GA	1	rt AT_USER i need a friend that wants to go see isle of dogs with me
2018-05-08 02:00:46	215062702	Mariana Baca	Veracruz, M√©xico	0	ya vi isle of dogs 
2018-05-08 01:58:41	96062164	_____		0	branden s micro movie reviews isle of dogs wes anderson made a wes anderson thing full of wes anderson things 
2018-05-08 01:51:06	186565999	Catherine vonRuhland	SW London	526	rt AT_USER from the imdb for isle of dogs and i have to admit i ve never seen a more wes andersonian credit _URL
2018-05-08 01:50:42	109124790	N		0	vayan a ver isle of dogs now now 
2018-05-08 01:47:35	299776852	A$AP Ricsi	M√©xico	0	no mames lo bonita que es isle of dogs 
2018-05-08 01:35:46	1949880259	Hambone Fakenamington	Salt Lake City, UT	1	rt AT_USER isle of dogs is our slfs school night film on tuesday 5 8 at 7 05 pm 21 amp younger free admission _URL
2018-05-08 01:15:40	63639686	Stephanie Gore	Texas	0	felt like crying for two hours so AT_USER and i went to go see isle of dogs
2018-05-08 01:14:01	116901121	SaltLakeFilmSociety	111 E 300 S   SLC, UT   84111	1	isle of dogs is our slfs school night film on tuesday 5 8 at 7 05 pm 21 amp younger free admission _URL
2018-05-08 01:09:22	947265610446237697	Hypothetically Great Podcast	United States	3	rt AT_USER isle of dogs 2018 movie review by john walsh _URL
2018-05-08 01:03:48	1271972635	daria	Yakutsk, Russia	0	isle of dogs is the best movie of 2018
2018-05-08 01:03:07	792497726	Benjamin Hansford	Athens, GA	1	i need a friend that wants to go see isle of dogs with me
2018-05-08 01:02:17	979570619095371776	Pavlov's Dong	Branford, CT	0	the end of isle of dogs hit incredibly hard god damn
2018-05-08 00:56:00	107530591	Andrea & the Porgs	New Zealand	0	i think i liked isle of dogs more than infinity war _URL
2018-05-08 00:54:51	3449004207	Reid Ramsey		0	in the first couple paragraphs of her review of isle of dogs AT_USER my sister really beautifully capt _URL
2018-05-08 00:53:39	127272676	Mauricio Orozco	Espero que no estatica	0	isle of dogs 11 i won t hurt you the west coast pop art experimental _URL
2018-05-08 00:53:00	34189360	Siu	Mexico	0	cuando te enteras que isle of dogs se pronuncia i love dogs _URL
2018-05-08 00:28:01	924474446462750720	Flickers In The Dark üé¨	Connecticut, USA	0	1 3 of the way through the year here are the my top 2018 flicks 1 avengers infinity war 2 the director and th _URL
2018-05-08 00:21:18	620261137	L	Boston, MA	1	rt AT_USER isle of dogs was so fucking good
2018-05-08 00:15:02	959638684764164102	sauce	ems ‚ô° she ‚Ä¢ her ‚ô° young artist	0	11 emotionless 12 a good animation software 13 single 14 a school history project 15 isle of dogs and high school musical 
2018-05-08 00:14:14	967218182	Lalalandy		0	quiero necesito ver isle of dogs ya 
2018-05-08 00:09:16	1140860144	Wild Nerd	Turtle Farm	0	going to see isle of dogs AT_USER at 950 someone be my date i ll buy the popcorn
2018-05-08 00:02:28	827957479707402240	Ren Geekness	Portugal	0	AT_USER iw isle of dogs a quiet place
2018-05-08 00:01:56	1589473501	Sleepy Weeb‚Ñ¢‚ñ≥	home and lonely	0	AT_USER isle of dogs was fucking fantastic
2018-05-07 23:56:20	189964722	Ricachin	M√©xico D.F.	0	AT_USER isle of dogs 11 i won t hurt you the west coast pop art experimental _URL v a _URL
2018-05-07 23:56:13	1962994226	The Movie Paradise		0	as we approach the summer movie season it s time for our annual tradition of looking at the year so far in film h _URL
2018-05-07 23:56:01	78932746	CK	West Hollywood, CA	20	rt AT_USER isle of dogs good i don t much love sitting in a dark room with strangers praying i don t have to urinate these days but 
2018-05-07 23:46:38	3243743699	Nate Ploof	Vermont, USA	0	AT_USER isle of dogs oh is that just me oh i ll leave now
2018-05-07 23:41:17	23025875	shiloh	Mexico	0	y si vamos a ver isle of dogs 
2018-05-07 23:38:49	82487330	Gabriela Torres	Botadero, DF. MX.	0	AT_USER isle of dogs 
2018-05-07 23:36:45	568242328	Lopez Lopezarus		0	isle of dogs official trailer fox searchlight _URL przez AT_USER
2018-05-07 23:36:20	20611923	B. Keeler	Hants, UK	0	AT_USER yeah i still like it but it s the first one i ve felt quite indifferent over just reminded me i miss _URL
2018-05-07 23:23:31	65747351	Lucio	Monterrey, Nuevo Le√≥n	0	AT_USER AT_USER gpi a isle of dogs
2018-05-07 23:23:18	581367029	juan	Trapped on an eternal monday	0	nadie quiere salir a ver isle of dogs conmigo chialee
2018-05-07 23:16:26	180215657	ana		0	AT_USER wait isle of dogs or la la land one
2018-05-07 23:13:26	1016604745	Jacob Cano	seabrook Tx	0	i think i ve watched isle of dogs like 100 times now _URL
2018-05-07 23:09:10	31596943	Ana	Monterrey, Nuevo Le√≥n	0	AT_USER lloras mucho en isle of dogs 
2018-05-07 23:04:07	547488867	üòºZiKüíÄDraKulLüéÆ	M√©xico	0	i liked a AT_USER video _URL cbg19 loved isle of dogs 19 club movie podcast spoiler free 
2018-05-07 22:58:08	939328102777393152	Tekla	The Glade	0	isle of dogs is one of the most awesome films i have ever seen i can t recommend it enough also if you liked fa _URL
2018-05-07 22:54:18	754204686660448256	great grandson of a gun		0	AT_USER isle of dogs oh boy
2018-05-07 22:53:13	292606273	‚óê	Venus	0	AT_USER cobitos i luv u tenemos que ver isle of dogs u gonna love it so much
2018-05-07 22:48:24	971607878636220417	Jeremy Hackett	Rubidoux, CA	2	rt AT_USER to have a good day you need a combination of a quiet place church food isle of dogs and amazing friendships that s 
2018-05-07 22:45:23	2509229860	lucky charmz	nottingham ü§°	112	rt AT_USER met screening of isle of dogs 2018 _URL
2018-05-07 22:44:28	3284883588	Popculty	Seattle, WA	0	AT_USER sorry this took so long but here is that isle of dogs AT_USER episode transcript enjoy and f _URL
2018-05-07 22:41:33	987002953264398337	lew		0	AT_USER for me its 1 grand budapest 2 royal tenenbaums 3 fantastic mr fox 4 moonrise kingdom 5 darjeeling _URL
2018-05-07 22:38:00	2907804553	karla		0	uhhhh i want to see isle of dogs again
2018-05-07 22:34:00	589083929	–∫—Ä—ã—Å–∞	Springfield, NT	0	isle of dogs wes anderson 2018 _URL
2018-05-07 22:26:39	21038613	rarity mum	London	0	did u know there is a beach on the east side of the isle of dogs still not sure it would ve been packed today _URL
2018-05-07 22:23:46	718445120	nolan	twin peaks pop. 51,201	0	since nobody asked i ll just place my top 5 movies here 1 chinatown 2 annie hall 3 pulp fiction 4 manchest _URL
2018-05-07 22:19:12	127898495	Nick Barnett	San Francisco, CA	0	AT_USER isle of dogs 
2018-05-07 22:17:00	2440543862	ÔΩäÔΩèÔΩìÔΩà		0	 nowwatching isle of dogs i m the only person in the theater lmao _URL
2018-05-07 22:09:04	72170276	Victor V. Flores	Mexico City	0	ya quiero ver isle of dogs 
2018-05-07 21:59:19	133835083	teinteintein		0	isle of dogs 2018 8 5 10 _URL
2018-05-07 21:58:48	798613422392901633	Design Web Jae	Louisville, KY	0	isle of dogs looks amazing 
2018-05-07 21:56:09	2798456079	baby ‚õà		0	isle of dogs pulling at my pupper heartstrings 
2018-05-07 21:47:30	863309923509305344	Alex Alba		1	rt AT_USER 38 isle of dogs wes anderson 2018 _URL
2018-05-07 21:44:28	2238155017	Ignasi Mart√≠n D√≠azü§ò	Barcelona, Espa√±a	1	38 isle of dogs wes anderson 2018 _URL
2018-05-07 21:43:14	368907591	Gojiku	Mexico	0	isle of dogs has a pretty neat soundtrack _URL
2018-05-07 21:42:31	63831825	King Piss	Bloomington, IN	0	isle of dogs was good but it was also kind of boring
2018-05-07 21:33:08	53829261	RAFAEL SARMIENTO		0	vlog de isle of dogs y wes anderson en breve 
2018-05-07 21:30:14	979570619095371776	Pavlov's Dong	Branford, CT	0	taking myself on a date to see isle of dogs because it s monday my day off 
2018-05-07 21:29:00	816068975109017600	Movie Burner Entertainment	United Kingdom	3	isle of dogs 2018 movie review by john walsh _URL
2018-05-07 21:27:55	94204464	Don Homerone		0	isle of dogs gt avengers infinity comedy
2018-05-07 21:27:01	261021724	Confuse & Destroy		0	 haikumoviereview isle of dogs anderson 2018 when life gets too ruff it s good to take paws and let all the ch _URL
2018-05-07 21:25:21	42270777	Val Mullally MA	UK, Ireland & Worldwide	1	rt AT_USER isle of dogs a five star movie that doesn t put a paw wrong _URL via AT_USER
2018-05-07 21:02:00	816308801242615808	Aoibheann	South East, England	0	i added a video to a AT_USER playlist _URL isle of dogs a michael bay film
2018-05-07 20:58:03	12799322	Anthony Imperioli	Montreal	1	rt AT_USER went to watch shrek 3 at the theatre and people were like yo turn your fkn phone off we re trying to watch isle of dogs 
2018-05-07 20:57:37	457700896	ang.		3	rt AT_USER isle of dogs director wes anderson _URL
2018-05-07 20:51:41	1439606671	Cassandra Bunyip	Down Under	0	AT_USER beware the sushi scene in isle of dogs unless you re ok with graphic cutting up of live animals fort _URL
2018-05-07 20:50:27	78811286	Justin C	Austin/Houston, TX	0	pretty much agreed with all of you gentlemen at AT_USER but i thought the kids of thanos were very meh a _URL
2018-05-07 20:44:11	3474970401	The Lawn Gnome		0	AT_USER i have seen avengers infinity war and i still feel isle of dogs is the best film i have seen in 2018 so far 
2018-05-07 20:43:01	408020466	fra supertramp	set occhi del cuore	0	 nobody s giving up around here and don t you forget it ever you re rex you re king you re duke you re boss i _URL
2018-05-07 20:41:22	2855622953	dingsdaninja	Arrakis	0	btw i just saw isle of dogs and thought it was a masterpiece 
2018-05-07 20:40:21	4726544082	Roya Eve	New Zealand	0	going to see isle of dogs today and i cannot wait _URL
2018-05-07 20:39:17	3510293175	Ginevra	Milano, Lombardia	0	finally watched the isle of dogs and that might be the most wes anderson thing i ever watch that s too much wesand _URL
2018-05-07 20:36:22	491199054	—Ç–µ–±–µ —Å—É–∫–∞ —Å –ø—Ä–∞–≤–æ–πüåà	Stockholm, Sverige	0	isle of dogs was so goooooood
2018-05-07 20:35:34	3152348590	ÀóÀèÀã cloudia  ÀéÀäÀó	London 	0	finally saw isle of dogs today yes i escaped the heat by hiding away in a dark cinema hehe wes u did good it was visually so stunning
2018-05-07 20:34:04	489939528	G.		0	i need to see again isle of dogs 
2018-05-07 20:24:45	51538058	Dino Spumoni	Ciudad de la Furia	0	ultra ocupo ir a ver isle of dogs 
2018-05-07 20:24:01	104927286	D.N. Courage	No me busques yo te encuentro.	0	quiero ver urgentemente isle of dogs de wes anderson 
2018-05-07 20:13:45	287753182	Lu√≠s Azevedo	Iberia	0	can someone find an image of the old man who feeds the pups at the end of isle of dogs just want to confirm if h _URL
2018-05-07 20:13:29	32954602	Elena I. Rogow	San Antonio, Texas	1	rt AT_USER saw isle of dogs baffled by critics who dinged the linear narrative with a o much wonderful stuff to see you appreciate a 
2018-05-07 20:11:37	3963376280	92 EXPLORER üçë	?	0	isle of dogs one of the most over looked movies to come out this year _URL
2018-05-07 20:06:40	913077901783977985	EL ARMA DESCONOCIDO - THE INTERCEPT	United States	0	mrs gigi skye as in the isle of syke in scotland they were are best with dogs and animals she s yugoslavian _URL
2018-05-07 20:03:54	1170119616	.	300 ‚õ∞	0	wanna see isle of dogs
2018-05-07 20:00:49	3010926104	Reel Rambler	Beirut	0	isle of dogs 2018 is a bit too long for its own good and is not wes anderson s best film but it is a reminder th _URL
2018-05-07 19:58:27	560467760	eÃ∂sly	Miami, FL üè≥Ô∏è‚Äçüåà	0	i still wanna go watch isle of dogs
2018-05-07 19:54:38	133725990	Tomugeki no Toma		0	going to see isle of dogs tomorrow before it vanishes from theaters 
2018-05-07 19:49:01	475269107	k		0	cbn isle of dogs este jueves 
2018-05-07 19:45:23	28958586	torts	Berlin	0	fantasyfilmfest nights 2 downrange hagazussa isle of dogs the cured ruin me _URL _URL
2018-05-07 19:45:06	826271686286774273	childish garbanzo		0	AT_USER blockers was funny isle of dogs is great 
2018-05-07 19:41:21	2666252778	juicy juice	Atlanta, GA	0	just watched isle of dogs and it is definitely recommend also the title sounds like i love dogs coincidence 
2018-05-07 19:41:08	853837458	Michael McArthur		0	AT_USER wondering if you picked the isle of dogs winners and losers yet pretty sure which category i fall into 
2018-05-07 19:37:07	234272950	Lalo Banda	M√©xico, DF	22	rt AT_USER i want to share AT_USER scenes from movie isle of dogs and the urban dystopia of megasaki city inspired by the 
2018-05-07 19:36:44	333455547	star stuff	universe; existence	1	rt AT_USER isle of dogs _URL
2018-05-07 19:35:50	23080451	DD	Manchester	0	AT_USER AT_USER oh hi you were sat close to me your t shirt is ace my son said it looked like it was _URL
2018-05-07 19:35:07	3278159053	A.D.R.I.A.N.‚ùå‚ùå	Plut√≥n (no es un planeta) 	0	AT_USER isle of dogs 
2018-05-07 19:32:58	233044590	Samantha Bissonnette	Cambridge, MA	0	this article does a great job of explaining the tone deaf depiction of japanese people and culture esp as it rela _URL
2018-05-07 19:32:17	878436763114643456	mylene		0	i want to see isle of dogs again
2018-05-07 19:30:02	286659371	Firas Haidar	Beirut	0	i couldn t stop smiling watching isle of dogs wes anderson is a visionary who keep getting better 
2018-05-07 19:27:08	477303263	\/ /-\ |_	SPAIN (( Venezuela )) 	0	what wes anderson s isle of dogs gets right about japan _URL
2018-05-07 19:26:46	988434445706387456	Existential Furry	Maryland, USA	0	AT_USER AT_USER raises paw i ve never seen fantastic mr fox also i don t have itunes if the directo _URL
2018-05-07 19:26:45	765343142715555844	molan	I AM HERE... NOW	0	AT_USER go watch isle of dogs mr hatok you will like it
2018-05-07 19:26:12	979570619095371776	Pavlov's Dong	Branford, CT	0	can t decide whether to see isle of dogs or a quiet place tonight or to just stay home and be lazy
2018-05-07 19:23:02	162219685	C√©sar Alejandro	Ciudad de M√©xico 	0	isle of dogs 
2018-05-07 19:15:06	2204246136	Wild Brunch	Puebla	1	rt AT_USER hoy en el AT_USER hablamos de the letdown the week of loving vincent y isle of dogs 
2018-05-07 19:10:08	873728022985154564	Kiwioogle	New Zealand	0	the kiwi animator behind wes anderson s isle of dogs newshub _URL
2018-05-07 19:08:51	230312387	BrandoN		0	bro we ve seen all the movies we ve been trying too in theaters so tomorrow we re seeing isle of dogs and i think its about to be hype 
2018-05-07 19:07:54	745456129333858304	Elliott Bennett	Phoenix, AZ	0	AT_USER i got a similar experience watching nicki minaj s chun li as i did watching wes anderson s isle of do _URL
2018-05-07 19:07:24	502689979	Mz.Zette	CA, USA	0	AT_USER just saw isle of dogs yesterday this description nailed it 
2018-05-07 18:57:24	151782709	Alexander‚ö°Ô∏èIvanov	the Internet	0	isle of dogs is wonderful that s it definitely watching it again _URL
2018-05-07 18:55:09	30694657	Kern	Leesburg, VA	0	AT_USER isle of dogs gt paddington 2
2018-05-07 18:54:39	322267992	A L E X H O S S 2 3	Connecticut	0	AT_USER isle of dogs was so good
2018-05-07 18:52:43	606022559	Daniel Cob		0	AT_USER vea isle of dogs por favor 
2018-05-07 18:48:56	864143745163423744	Chachalaca	San Luis Potos√≠, M√©xico	0	AT_USER pretenden proyectar isle of dogs 
2018-05-07 18:44:26	3546200956	I Bite	Travelling in Space and Time	0	id todos a ver isle of dogs ya por favor
2018-05-07 18:41:54	1361861610	Vance King		0	the whole thing is just so darn pleasant and this coming from a guy who never owned a dog my review of isle _URL
2018-05-07 18:41:06	393970829	Willie Raleigh		263	rt AT_USER moviegoers follow rt for a chance to win this isleofdogs prize pack ends 4 8 2018 at 11 59pm et rules _URL
2018-05-07 18:40:20	464117606	launchy P	Boston, MA	1	isle of dogs was so fucking good
2018-05-07 18:39:39	246157136	Mara Landa	Hamburgo, Alemania	0	i swear to godess one day i will watch a wesanderson movie and not like it but isle of dogs was effing adorable _URL
2018-05-07 18:38:18	408020466	fra supertramp	set occhi del cuore	0	isle of dogs meraviglioso 
2018-05-07 18:33:58	410177759	victoire SAW IW x3 and is DEAD		0	47 isle of dogs 2018 _URL
2018-05-07 18:30:05	127950405	Princess Cinemas	Waterloo, Ontario	0	discussion this weekend on reddit there was a discussion of if wes anderson should make a horror movie so wha _URL
2018-05-07 18:24:22	50855842	IAMTRACYBURTON	Chicago, IL	0	why isle of dogs is no shaggy dog story _URL _URL
2018-05-07 18:16:58	371842414	Josh Behm	NSH - DEN - STL - SEA	0	finally got around to seeing isle of dogs today if you have yet to watch it i can t recommend it enough it s one _URL
2018-05-07 18:12:03	4811630614	Islet of Langerhans		0	AT_USER yeah but do you support the rights of those who would turn their dogs into actual nazis 
2018-05-07 18:11:33	929801509885431810	CampingTips4Everyone	the road leads....	1	rt AT_USER stunning glamping in shepherd huts isle of skye scotland dogs welcome _URL _URL
2018-05-07 18:08:31	2534801168	GlossyGlamping		1	stunning glamping in shepherd huts isle of skye scotland dogs welcome _URL _URL
2018-05-07 18:01:24	938297394625642496	sverger	the void	0	just saw the isle of dogs and i gotta say stop motion have never been better 
2018-05-07 17:58:05	14415835	Gordon McAlpin	Somerville, MA	0	AT_USER it s all on purpose i just figure whoever typed that stuff in is behind a smartass it also says _URL
2018-05-07 17:48:35	727509413259431936	‚öòTiliches	South Salt Lake, UT	0	AT_USER i ve got something personal and irrational against her she gets more work than she should hahaha and _URL
2018-05-07 17:46:47	415588434	K	Tannh√§user Gate	1	 isle of dogs _URL
2018-05-07 17:43:50	87139618	A.	Guadalajara	0	isle of dogs tommy dogs _URL
2018-05-07 17:42:41	2440543862	ÔΩäÔΩèÔΩìÔΩà		0	wait blockers or isle of dogs tonight 
2018-05-07 17:42:33	278657159	Megu	my bed	0	i probably won t pass my exam i went out to see isle of dogs to calm down
2018-05-07 17:31:48	1250296676	nikki ü¶îüßöüèª‚Äç‚ôÄÔ∏è		0	i keep forgetting that i saw isle of dogs yesterday it was p good i loved how they used contrast in the shot compositions
2018-05-07 17:29:54	164404911	te√Øa	earth	0	AT_USER hahaha no one could spoil isle of dogs of dogs for me because i saw it as soon as it came out 
2018-05-07 17:27:36	42480588	Paus	M√©xico D.F.	0	necesito el meme de dexter diciendo i have failed you a una foto de wes anderson porque no he ido a ver isle of dogs 
2018-05-07 17:24:16	2940046298	JEPH	(A)TX	0	AT_USER AT_USER AT_USER i enjoyed fox a lot more than isle of dogs i bought it on bluray and hav _URL
2018-05-07 17:18:35	460482238	FRMNT	instagram: ManuelFermont	0	AT_USER ya viste isle of dogs 
2018-05-07 17:17:32	2440543862	ÔΩäÔΩèÔΩìÔΩà		0	i m finally seeing isle of dogs today woop
2018-05-07 17:17:04	634076557	Ben		0	there s very few isle of dogs screenings i hope i find some free time soon to go watch it
2018-05-07 17:16:43	16436130	The Denver Egotist	Denver, Colorado	0	isle of dogs plot pattern from boulder s dan lehman _URL
2018-05-07 17:10:05	1237099621	Official Mama‚Ñ¢ @ PLUS ULTRA	The maze	0	isle of dogs was so good i loved it please go and watch it you will love it
2018-05-07 17:06:01	2382022752	DesignedByNature	London, UK	0	wes anderson s isle of dogs film sets influenced by metabolist architecture _URL
2018-05-07 17:03:50	751518373083774980	Tom Luckey	Bronx, NY	0	AT_USER i know u don t know me but i agree that dylan s music is unmatched lyrical poetry but recently after se _URL
2018-05-07 16:57:33	53979710	Pola Thrace üêã	Friend Zone, born and raised	1	hoy en el AT_USER hablamos de the letdown the week of loving vincent y isle of dogs 
2018-05-07 16:56:34	1119796482	florida orange	SCAD	0	AT_USER i mean by not watching it or having the movie spoiled are you really missing much like i d be more ups _URL
2018-05-07 16:53:52	390385218	Slushy Farons		0	got around to watching isle of dogs finally definitely need at least one more viewing but i can safely say it s an _URL
2018-05-07 16:49:25	34423683	Grecia T	Chicago, IL	3852	rt AT_USER i am at a dog friendly screening of isle of dogs and it is the purest joy _URL
2018-05-07 16:47:05	763065424762155008	dana		0	isle of dogs 
2018-05-07 16:44:29	756303382751522816	Luke		0	isle of dogs makes paddington 2 look quaint but go off i guess _URL
2018-05-07 16:37:09	58235699	Todd Dvorak	Boise	0	if you love wes anderson and dogs this is a must see i can t remember the last time i enjoyed a movie this much _URL
2018-05-07 16:30:43	81977463	Yaz		0	necesito ir a ver isle of dogs 
2018-05-07 16:30:08	209105554	Benedict	Up North	0	wes anderson s isle of dogs is how most bonkers yet in all the right ways long live atari 7 10 garnhamsguide
2018-05-07 16:28:05	917113054986457089	Movie Merch Mania		0	isle of dogs chief action figure promo wes anderson rare unopened new _URL _URL
2018-05-07 16:20:19	299342532	Mark Atkinson	Bury St Edmunds	2	rt AT_USER my isle of dogs review is now available to read on the AT_USER website you can watch the film this weekend at the AT_USER
2018-05-07 16:19:59	1130037728	Imagine Cinemas Market Square	Toronto, Ontario	1	rt AT_USER in release sunday AT_USER lightbox the rider AT_USER after auschwitz backstabbing for beginners beirut fi 
2018-05-07 16:17:13	20922014	el-p	brooklyn	20	isle of dogs good i don t much love sitting in a dark room with strangers praying i don t have to urinate these d _URL
2018-05-07 16:09:10	2452253132	‚ô° Martha ‚ô°	New England 	0	isle of dogs 2018 _URL
2018-05-07 16:02:57	225172855	mikail firtinaci		0	isle of dogs gt avengers infinity war _URL
2018-05-07 15:55:45	2981104565	Dogs & Music TOGETHER!	Baltimore, MD	0	seen this _URL
2018-05-07 15:52:47	966109332080353280	jack üåµ	beef roast	0	also i feel the need to watch isle of dogs again
2018-05-07 15:50:52	891049948380319753	TT	Freiburg im Breisgau	0	isle of dogs a michael bay film _URL
2018-05-07 15:48:47	152064863	engaged egg üëª	listening 2 the mountain goats	0	AT_USER isle of dogs was great i highly recommend it for the list
2018-05-07 15:43:23	263318350	Poseur	Dallas, TX	0	AT_USER AT_USER there is almost nothing that could get me to see isle of dogs 
2018-05-07 15:41:43	35794449	I got 1,2,3,4,5,6,7,8,9,1 dollas in my bank accoun	Canada	0	has anyone noticed that isle of dogs sounds a lot like island of doggs 
2018-05-07 15:41:30	478804560	Ryan C.	Minneapolis, Minnesota	6	rt AT_USER unequivocally for wes anderson s isle of dogs and against avengers infinity war world socialist web site _URL
2018-05-07 15:38:15	1669310838	James		0	AT_USER it s a fun time with a tall glass of water and popcorn that 80s synth score killer robots and _URL
2018-05-07 15:35:36	1700311	SubOptimal Dad	Just Like Quiet Riot Did	0	 moviepassmonday private showing of isle of dogs amc lennox town center 24 AT_USER in columbus oh _URL
2018-05-07 15:30:24	23438686	Film Streams	Omaha	0	monday showtimes dundee theater claire s camera 5 15pm 7 15pm 9 05pm you were never really here 4 45pm 7 00pm _URL
2018-05-07 15:29:00	314155396	T-Bob Hebert	Baton Rouge, LA	0	AT_USER AT_USER i want to see isle of dogs
2018-05-07 15:28:31	701118813031550979	Trotskyism	The World	4	rt AT_USER the blindness and stupidity of the identity politics obsessed upper middle class knows no bounds this issue comes up most rece 
2018-05-07 15:25:35	19365181	The CH	√úT: 30.394428,-91.176782	0	AT_USER AT_USER this is interesting i ve only seen one of his movies isle of dogs yeah i know but there _URL
2018-05-07 15:18:02	820588896610320387	Neil	Twickers 	0	seals their dogs of the sea friendly seal nuzzles up to diver in isle of man _URL
2018-05-07 14:57:10	98582659	Gouthaman K.	California, USA	0	watched isle of dogs last night probably one of the most wes andersonian movies ever made so heartwarming with stu _URL
2018-05-07 14:56:43	31394813	Eternality Tan	Singapore	0	upcoming reviews land of mine 2015 martin zandvliet isle of dogs 2018 wes anderson happy end 2017 michael haneke
2018-05-07 14:49:03	278563612	Plough Arts Centre	Great Torrington, North Devon	0	excellent lunch at AT_USER instow roger will be catering for all your box office needs if you re rounding _URL
2018-05-07 14:45:50	2545910910	Kaos Sverige	Stockholm	0	AT_USER how about talking about a real movie like isle of dogs or a quite place or bamse damn it enough about i _URL
2018-05-07 14:43:42	803306072861802496	Claire M. üì∑ IW spoilers	Batcave / France	0	isle of dogs 4 5 AT_USER _URL
2018-05-07 14:38:53	316718661	gabs	england is my city	0	the only two things on my mind right now are the mv for this is america and isle of dogs
2018-05-07 14:38:08	996370020	Mantequilla N√°poles	Escondida en Brujas	0	 isle of dogs wes anderson nunca me decepciona _URL
2018-05-07 14:30:44	20961635	Victor Luckerson	Underground Smellroad	0	ranking of the movies i watched 1 black panther 2 a quiet place 3 ready player one 4 isle of dogs 5 avengers _URL
2018-05-07 14:29:16	285893475	Karl Nunoo	Ann Arbor, MI	0	 isle of dogs _URL
2018-05-07 14:26:24	3721144578	slaybrams :=) üëºüèª	Los Angeles, CA	6	isle of dogs 2018 dir wes anderson _URL
2018-05-07 14:11:07	1195727888	Cinema Terraza	Monterrey, Mexico	0	creando el mundo de isle of dogs _URL _URL
2018-05-07 14:01:09	517531971	Rosie and Jessica	London, England	0	rosie s pick from episode 108 was surprise surprise from a wes anderson movie as she went for the west coast pop _URL
2018-05-07 14:00:06	394248102	Cinema Center	Fort Wayne, IN	0	monday may 7th showtimes 3 30pm isle of dogs 6 30pm isle of dogs _URL
2018-05-07 14:00:02	850731068	Empire Movies	Middle East	0	what s happening to the dogs find out in isle of dogs in cinemas in only three days isleofdogs _URL
2018-05-07 13:58:54	30652215	M√≤ nƒ´ k«é	London/Taipei (I wish) 	0	finally i saw isle of dogs it s great but let s be honest the message will not never reach the right people if y _URL
2018-05-07 13:55:38	3057385532	Steve J Donahue		0	AT_USER if you re looking specifically for movies in theaters tully just recently came out and that was great _URL
2018-05-07 13:53:57	36765804	d i e g o	A2	0	saw isle of dogs last night and drank 18oz of pinot noir
2018-05-07 13:53:21	751518373083774980	Tom Luckey	Bronx, NY	0	just saw the isle of dogs and thought of my video this edit from a year ago the 1st edit was on a backup harddrive _URL
2018-05-07 13:44:13	43789511	ü¶áùñòùñïùñîùñîùñïùñû ùñàùñîùñüùñüüéÉ	ùêçùêûùê∞ ùêÉùê®ùêßùê§ ùêÇùê¢ùê≠ùê≤	0	i can t stop thinking about isle of dogs it s such an amazing movie 
2018-05-07 13:43:19	585159297	Kenny G	Georgia, USA	0	kinda wanna see isle of dogs for the third time
2018-05-07 13:42:45	483494791	Aaron Finnegan	The Planet Trillaphon	0	someone come see isle of dogs with me today
2018-05-07 13:22:34	945025965696184322	 ô·¥Ä·¥õ·¥õ è	Derry, Maine	5	rt AT_USER let s take a vote isle of dogs rp literate descriptive new to character non lewd of course tw for violence 
2018-05-07 13:20:51	2165360928	Chris Muller		0	did you hear the rumor isle of dogs is a one of kind movie about man s best friend with beautifully detailed anim _URL
2018-05-07 13:17:08	2484477482	Luke	Northern Italy, Summer 1983	0	AT_USER AT_USER AT_USER i didn t clarify i ve already seen ywnrh months ago and isle of dogs a cou _URL
2018-05-07 13:15:50	963593641250959360	jules, the one who doesn't give a shit	florida, usa 	0	i went to see isle of dogs yesterday and accidentally chose the one with captions and one of the captions said screaming in japanese what
2018-05-07 13:11:26	65338464	Light House Cinema	Smithfield, Dublin 7	1	rt AT_USER scorched myself wandering wicklow yesterday so i m off to lick my wounds in the cool comfort of a AT_USER triple bill 
2018-05-07 13:11:03	2785897262	Swindon Guide	Swindon, UK	0	on tue at 2 pm social media made easy isle of dogs the guernsey literary amp potato peel pie society truth or dar _URL
2018-05-07 13:09:54	2975207399	julia morris üñ§	Centreville, VA	0	my new favorite way to unwind is to walk peyton while listening to a movie s soundtrack the entire time yesterday _URL
2018-05-07 13:04:27	710031126295924737	Mohamed Mostafa		0	isle of dogs making of animators featurette 2018 _URL via AT_USER
2018-05-07 13:03:19	55711195	Qhorin Halfhand		0	you say isle of dogs i say i love dogs 
2018-05-07 12:51:41	847030790030536704	Toby Jungius		0	 isle of dogs a movie review _URL
2018-05-07 12:50:02	831300392155828225	Geek Room	Geek Room	1	rt AT_USER isle of dogs is as great as i thought it would be i highly recommend it cause it s amazing 
2018-05-07 12:49:59	2484477482	Luke	Northern Italy, Summer 1983	0	i am very bummed because i have 5 tests this week so i ll miss the chance to see isle of dogs you were never reall _URL
2018-05-07 12:43:23	18122842	Ronan Doyle	Dublin	1	scorched myself wandering wicklow yesterday so i m off to lick my wounds in the cool comfort of a AT_USER tri _URL
2018-05-07 12:34:44	3054667594	Juancho-Senpai	CDMX	0	btw isle of dogs esta hermosa watch it
2018-05-07 12:31:46	2802494252	Benny's Bag		0	 i grew up overseas really andrea does the isle of dogs count loosewomen
2018-05-07 12:15:25	980183051786489856	At The Talkies üìΩ		0	been a while but my recommendation of today is definitely isle of dogs an obsessively meticulous piece of craftsm _URL
2018-05-07 12:04:54	144719648	katmosphere„ÉÑ	Sioux City‚û°Ô∏èSaint Paul	1	rt AT_USER watched that isle of dogs the attention to detail is insane and i wanna hang every frame of it in my room gorgeous movie
2018-05-07 12:01:08	160627370	SEAL Team Thicc	cctx	0	isle of dogs outsold infinity war in vermont shout out to vermont underated state for sure prob some cool people there 
2018-05-07 12:00:24	285175465	kirstin Ô∏è üá¶üá∫ TODAY	England /  ‚ôÄ / 21	0	i saw isle of dogs today and i loved it
2018-05-07 11:41:19	793117969756880896	andy pandy	The Netherlands	0	ive been jamming to the new arctic monkeys album nonstop and i m seeing isle of dogs later i m living the white b _URL
2018-05-07 11:38:39	230684088	Alison Cowanüåπ	Balham/Island Gardens	0	i thought i was on the isle of dogs but if you re telling me this is in fact baltimore i m going to rethink my deci _URL
2018-05-07 11:37:34	931917313	d e a n	Âú®ÈÇÑÊúâÊú™‰æÜÁöÑÈÅéÂéª	0	can t wait for wes anderson s isle of dogs 
2018-05-07 11:31:52	127626549	√Åfrica by Toto	Monterrey - CDMX	0	 isle of dogs de wes anderson es una obra de arte 
2018-05-07 11:26:18	2408058132	Marcelo		1	rt AT_USER just watched isle of dogs good movie me mamo que si le entendia a los perros y no a las personas un viceversa muy raro 
2018-05-07 11:21:39	16192277	Hind Mezaina	Dubai	0	other new releases this wednesday thursday isle of dogs which i d like to see again and terminal which i hope wil _URL
2018-05-07 11:11:03	2785897262	Swindon Guide	Swindon, UK	0	on tue at 12 pm data protection evolution all staff briefing swindon festival of literature trevor cox the le _URL
2018-05-07 11:04:04	45379403	Davy "Three Cakes" Acko	Liverpool	2	rt AT_USER the blindness and stupidity of the identity politics obsessed upper middle class knows no bounds this issue comes up most re 
2018-05-07 10:53:52	784994401202221057	The Ronas	Melbourne, Victoria	0	i added a video to a AT_USER playlist _URL isle of dogs a michael bay film
2018-05-07 10:30:06	20583993	The National	Abu Dhabi, UAE	0	 AT_USER talks isleofdogs as a dog lover i see the film as a homage _URL _URL
2018-05-07 10:10:39	199766203	Paul Steward	Needham Market, Suffolk 	2	my isle of dogs review is now available to read on the AT_USER website you can watch the film this weekend a _URL
2018-05-07 10:03:46	551858834	Haeckel		0	isle of dogs 2018 is visually delicious as expected wes anderson is a magician i m crying 
2018-05-07 10:00:15	65338464	Light House Cinema	Smithfield, Dublin 7	0	bank holiday monday afternoon mary and the witch s flower 13 10 tully 13 20 you were never really here 13 45 the d _URL
2018-05-07 09:53:23	2778151090	ohhimark		0	AT_USER AT_USER i know i m very much in the minority but for some reason compared to mr fox br m _URL
2018-05-07 09:38:27	2978266205	Daphne Chaimovitz	Z√ºrich, Schweiz	0	in cinemas AT_USER do you love AT_USER too with AT_USER AT_USER AT_USER _URL
2018-05-07 09:34:54	201376183	Paul Dockerty üá¨üáß	Brough, East Yorkshire	1	rt AT_USER AT_USER AT_USER AT_USER when the bnp won the local election on the isle of dogs the next election my musl 
2018-05-07 09:30:47	39565608	peggy mcdonald	 London England 	0	AT_USER AT_USER the isle of dogs is the same now the whole of east london is a fucking war zone welcome to diversity
2018-05-07 09:30:41	1366530062	DirtyDar	Floating about somewhere	1	AT_USER AT_USER AT_USER when the bnp won the local election on the isle of dogs the next election _URL
2018-05-07 09:30:27	928581899890712577	P√°l√°s Galway	15 Merchants Road Lower
Galway, Ireland	0	today s schedule bank holiday monday may 7th making the grade 13 15 isle of dogs 13 30 mary and the witch s flo _URL
2018-05-07 08:53:33	1372768274	Ïö∞ÏïÑÌïú ÏÜêÏßì		0	isle of dogs is a masterpiece and movie of the year so far pass it on 
2018-05-07 08:52:15	27606837	Dunmow Broadcast	Great Dunmow, Essex	0	following 2009s fantastic mr fox american filmmaker wes anderson again delves into the world of stop motion animat _URL
2018-05-07 08:50:15	1249493246	Leon van Keulen	Frankfurt am Main, Hessen	0	what a delight isle of dogs from wes anderson _URL
2018-05-07 08:47:16	55604768	saab900turbo	Instagram: joshua_parrott	0	i need to go shoot round isle of dogs likelyhood of me trekking there today is slim
2018-05-07 08:39:54	920204129464709120	SiMoüåä	art school hell!	1	rt AT_USER i saw isle of dogs yesterday and i think i blinked like 3 times max in that entire movie it was so amazing 
2018-05-07 08:36:16	61443711	Saffron Reporter	Saffron Walden, Essex	0	following 2009s fantastic mr fox american filmmaker wes anderson again delves into the world of stop motion animat _URL
2018-05-07 08:33:14	21489341	Jude Jackson	International	3	rt AT_USER the blindness and stupidity of the identity politics obsessed upper middle class knows no bounds this issue comes up most r 
2018-05-07 08:21:24	37612850	Maria		0	i feel so happy after watching isle of dogs omg
2018-05-07 08:18:39	372151651	F*** Magazine	Singapore	0	 review some minor and understandable cultural missteps but wesanderson s AT_USER is a touching hilari _URL
2018-05-07 08:16:58	81275526	gr8MusicVenues	Florida, USA	1	rt AT_USER film tonight 8pm isle of dogs details here _URL _URL
2018-05-07 08:15:11	30094549	Paul Hoops Houlihan	Melbourne, Australia	0	healthy again and having a day off for my 37th birthday tomorrow nba finals playing in the park with my pup lun _URL
2018-05-07 08:05:03	278563612	Plough Arts Centre	Great Torrington, North Devon	1	film tonight 8pm isle of dogs details here _URL _URL
2018-05-07 08:00:38	69646456	Rodrigo Mora	Costa Rica	0	isle of dogs p rros 
2018-05-07 07:57:01	845610461315805186	tanviüå∑	Nevada, USA	33	rt AT_USER isle of dogs was one of the most visually stunning films i ve ever seen i can t imagine how much fun it must ve been to 
2018-05-07 07:51:40	1636703004	KarissaJMüè≥Ô∏è‚Äçüåà	Banning, CA	2	to have a good day you need a combination of a quiet place church food isle of dogs and amazing friendships tha _URL
2018-05-07 07:47:47	2567926171	Hugo Gomes	Lisboa, Portugal	0	isle of dogs wes anderson 2018 _URL _URL
2018-05-07 07:35:36	762003220503945216	üåº	¬Ø\_(„ÉÑ)_/¬Ø	0	i was gonna do a poll for which film i should go see this week but there s really nothing on just a bunch of kid _URL
2018-05-07 07:27:30	152115059	M√Ækey Cah√Æll	Melbourne, Victoria	0	 AT_USER trivia every tue win AT_USER tix booze amp meals bonus who voices rex in isle of dogs bryan _URL
2018-05-07 07:27:19	885702422416510977	Calis		29	rt AT_USER i saw isle of dogs _URL
2018-05-07 07:27:05	9085212	Saber		0	isle of dogs ended up being better than i was expecting
2018-05-07 07:24:42	908588962322804736	‚ç© om“ªŒπ“ÑrŒ±	Russia	0	 isle of dogs movie i m coming for you very soon 
